,SECTOR,avg(IMPORTE)
0,HOGAR,84.73714679422375
1,RESTAURACION,56.250033135174306
2,AUTO,169.54961767800756
3,OTROS,74.0997393713509
4,SALUD,115.30743002041326
5,ALIMENTACION,152.45591312318547
6,OCIO Y TIEMPO LIBRE,75.56087789347146
7,MODA Y COMPLEMENTOS,132.51475219439712
8,TECNOLOGIA,134.95445982676517
9,BELLEZA,68.69483103448503
